{"users":[{"username":"ilya","password":"Ilya1234","nickname":"ilya","highScore":0},{"username":"paria","password":"Ilya1234","nickname":"paria","highScore":0},{"username":"ali","password":"Ilya1234","nickname":"ali","highScore":0},{"username":"mohsen","password":"Ilya1234","nickname":"mohsen","highScore":0},{"username":"gholam","password":"Ilya1234","nickname":"gholam","highScore":0},{"username":"asemaneh","password":"Ilya1234","nickname":"asemaneh","highScore":0},{"username":"gholi","password":"Ilya1234","nickname":"gholiexit","highScore":0}]}